1	1156
1	1044
1	66
1	1163
1	530
1	947
1	647
1	1053
1	516
1	634
1	635
1	1099
1	1182
3	1184
4	226
4	1102
4	508
4	693
4	1076
4	258
4	1089
4	296
4	846
4	188
4	392
4	305
4	1011
4	105
4	729
6	202
6	706
7	215
7	332
7	392
7	219
9	537
9	46
9	912
9	1163
9	41
9	833
9	43
9	58
9	1011
9	919
9	432
13	45
14	269
14	601
14	1114
14	15
14	836
14	838
15	1114
15	14
15	836
15	838
20	898
20	749
20	50
20	1103
20	985
20	1015
20	1163
20	23
20	673
20	821
20	1172
20	296
20	718
20	591
20	720
20	500
20	115
20	1117
20	457
20	266
20	49
20	1182
21	1156
21	1032
21	800
21	930
21	936
21	1163
21	22
21	489
21	1141
21	490
21	492
22	1032
22	1156
22	800
22	930
22	936
22	21
22	1163
22	489
22	1141
22	490
22	492
23	898
23	718
23	20
23	1117
23	457
23	359
26	899
26	768
26	672
26	357
26	1011
26	1182
28	898
28	899
28	174
28	642
28	528
28	529
28	215
28	332
28	973
28	694
28	447
28	974
28	185
28	296
28	935
28	497
28	867
28	457
28	1011
28	747
28	1134
28	1182
28	1184
28	424
28	1103
28	50
28	1186
28	623
28	230
28	754
28	917
28	714
28	357
28	1107
28	469
28	359
28	718
28	1114
28	1081
28	441
28	1054
28	519
28	807
28	599
29	1127
29	367
29	517
29	933
29	917
29	1089
29	1182
30	546
30	827
30	671
30	125
32	663
32	193
32	517
35	899
36	1003
36	821
36	72
36	296
36	1155
37	428
40	269
40	332
41	9
41	852
43	9
43	777
43	1037
43	1054
43	392
43	1011
44	237
44	1116
45	416
45	13
46	169
46	170
46	256
46	375
46	379
46	380
46	489
46	490
46	381
46	494
46	495
46	496
46	537
46	9
46	415
46	392
46	623
46	626
46	58
46	432
46	843
46	1112
46	1113
46	1115
46	563
46	565
46	567
49	899
49	147
49	185
49	1031
49	150
49	80
49	457
49	1040
49	503
49	395
49	50
49	20
49	839
49	673
49	1107
49	919
49	628
49	358
49	1108
49	842
49	591
49	720
49	1081
49	555
49	1053
50	1127
50	606
50	607
50	147
50	150
50	935
50	80
50	867
50	457
50	458
50	1134
50	395
50	20
50	309
50	1015
50	712
50	714
50	28
50	718
50	720
50	888
50	1081
50	721
50	956
50	1156
50	899
50	816
50	177
50	1163
50	185
50	1031
50	647
50	584
50	1096
50	1040
50	503
50	49
50	1044
50	1102
50	1184
50	504
50	1103
50	510
50	673
50	357
50	359
50	358
50	1108
50	842
50	758
50	759
50	1053
50	851
50	202
50	1054
50	1121
52	599
55	968
55	723
55	724
55	725
56	457
58	1156
58	169
58	170
58	375
58	1163
58	379
58	380
58	489
58	490
58	381
58	182
58	494
58	495
58	496
58	46
58	537
58	9
58	415
58	540
58	392
58	1011
58	271
58	623
58	917
58	626
58	432
58	843
58	1112
58	1113
58	1115
58	852
58	1054
58	563
58	565
58	567
59	1103
59	994
59	516
59	177
59	457
59	679
59	712
59	72
59	1134
59	161
60	62
60	63
60	928
62	60
62	63
62	928
63	150
63	60
63	62
63	72
63	928
64	274
64	327
64	446
64	331
64	1078
64	1079
64	775
64	649
64	777
64	1095
64	651
64	1037
64	1151
64	652
64	1054
64	1039
64	653
64	654
64	1041
64	655
64	657
64	659
64	784
64	660
65	424
65	199
65	584
65	614
65	142
65	693
65	917
65	288
65	730
66	1
66	1103
66	586
70	346
70	347
72	1122
72	36
72	528
72	177
72	529
72	146
72	821
72	259
72	150
72	584
72	650
72	827
72	828
72	457
72	503
72	1134
72	270
72	1012
72	1102
72	1103
72	309
72	132
72	230
72	879
72	945
72	881
72	280
72	798
72	59
72	1107
72	674
72	591
72	993
72	720
72	63
72	808
73	603
73	488
73	693
73	392
73	1011
77	720
77	1081
77	867
77	1053
77	329
77	457
77	1040
77	881
77	357
79	993
79	650
79	881
79	610
80	899
80	50
80	1127
80	510
80	334
80	358
80	842
80	720
80	1081
80	457
80	831
80	1040
80	503
80	49
81	896
81	909
81	900
81	902
81	911
81	666
81	1161
81	1164
81	1168
81	537
81	1113
81	1115
81	563
81	565
81	567
82	909
82	896
82	900
82	911
82	902
82	666
82	1161
82	1164
82	1168
82	537
82	1113
82	1115
82	563
82	565
82	567
83	896
83	909
83	900
83	902
83	911
83	666
83	1161
83	1164
83	1168
83	537
83	1113
83	1115
83	563
83	565
83	567
84	525
84	87
84	424
84	515
84	385
84	791
84	955
84	203
84	762
84	315
84	224
84	1181
87	525
87	424
87	515
87	385
87	791
87	955
87	203
87	762
87	315
87	84
87	224
87	1181
88	1032
88	733
88	671
88	699
89	408
89	1102
89	697
90	496
90	131
90	494
91	1159
91	309
91	460
91	1144
91	357
91	296
91	359
97	919
102	489
102	490
102	492
104	661
104	993
104	650
104	610
104	881
104	716
104	866
105	226
105	525
105	208
105	1102
105	508
105	968
105	4
105	693
105	464
105	1076
105	182
105	774
105	846
105	188
105	456
105	268
105	324
106	415
107	774
107	591
107	303
107	738
107	740
110	831
110	1054
110	315
111	898
111	457
111	1182
111	740
114	606
114	329
115	20
115	985
115	393
116	1102
116	1184
116	292
116	1024
116	1054
116	754
116	589
119	1156
119	571
119	414
119	211
119	1163
119	314
119	392
119	834
119	835
119	296
121	572
121	586
121	392
121	421
121	296
121	905
124	608
124	1025
125	1102
125	1003
125	546
125	30
125	827
125	671
125	608
125	1025
125	746
125	1130
126	1183
126	867
126	582
126	531
126	357
126	798
126	359
128	230
128	610
128	881
129	1059
129	628
130	1059
130	628
131	90
131	440
131	324
132	1103
132	650
132	457
132	821
132	72
134	150
134	1184
134	395
134	359
139	269
139	424
139	546
139	1060
139	315
139	610
139	881
139	882
139	993
139	1003
139	650
139	1181
139	1101
142	424
142	199
142	650
142	614
142	693
142	917
142	288
142	65
142	730
143	215
143	392
146	72
147	1103
147	50
147	673
147	185
147	919
147	1031
147	591
147	720
147	1081
147	457
147	1054
147	1040
147	49
148	1108
148	457
150	898
150	292
150	642
150	177
150	643
150	72
150	296
150	866
150	500
150	584
150	418
150	457
150	266
150	49
150	1134
150	395
150	50
150	1103
150	751
150	509
150	134
150	711
150	712
150	716
150	919
150	628
150	718
150	720
150	952
150	888
150	63
150	760
151	169
151	834
154	618
154	357
157	464
158	186
158	760
158	428
158	1055
158	940
159	161
160	457
160	357
161	1103
161	159
161	59
168	718
168	867
168	1015
168	457
168	359
169	1156
169	170
169	227
169	666
169	623
169	1163
169	626
169	841
169	58
169	432
169	451
169	46
169	1112
169	1113
169	1115
169	1147
169	453
169	151
169	338
169	565
169	567
170	1156
170	169
170	623
170	1163
170	626
170	58
170	432
170	451
170	46
170	1112
170	1113
170	453
170	1115
170	338
170	1037
170	1054
172	650
173	650
173	1040
174	28
174	718
174	867
174	1015
174	803
174	457
174	714
174	1031
175	394
177	150
177	718
177	50
177	720
177	1015
177	867
177	457
177	618
177	712
177	72
177	59
177	1134
180	1115
182	208
182	508
182	1161
182	968
182	1164
182	1168
182	464
182	1050
182	58
182	774
182	456
182	268
182	324
182	105
185	1044
185	50
185	147
185	673
185	315
185	1031
185	435
185	436
185	28
185	718
185	720
185	1081
185	457
185	956
185	1040
185	49
186	760
186	428
186	1055
186	940
186	158
188	226
188	525
188	765
188	1102
188	508
188	4
188	1165
188	693
188	194
188	1076
188	1089
188	258
188	537
188	242
188	846
188	540
188	832
188	834
188	835
188	105
188	729
193	898
193	720
193	510
193	867
193	815
193	457
193	618
193	32
194	537
194	540
194	1115
194	188
194	693
194	919
197	1054
199	1093
199	269
199	555
199	142
199	457
199	1054
199	248
199	65
199	1107
199	730
199	1182
202	50
202	6
202	628
203	87
203	525
203	424
203	385
203	791
203	955
203	762
203	315
203	84
203	224
203	1181
207	392
208	774
208	1102
208	508
208	968
208	456
208	488
208	464
208	982
208	268
208	182
208	324
208	105
209	464
211	1136
211	256
211	572
211	623
211	573
211	607
211	1140
211	586
211	626
211	332
211	917
211	314
211	1172
211	296
211	415
211	119
211	681
211	726
211	763
211	1011
211	1182
211	521
215	1102
215	481
215	790
215	1076
215	332
215	447
215	219
215	7
215	28
215	718
215	1112
215	263
215	846
215	1054
215	726
215	763
215	143
215	599
219	897
219	7
219	623
219	215
219	852
219	917
219	626
219	634
219	635
219	1011
219	1121
220	290
224	87
224	525
224	424
224	791
224	315
224	515
224	385
224	955
224	203
224	762
224	84
224	394
224	1181
226	600
226	1102
226	601
226	508
226	968
226	4
226	693
226	1076
226	258
226	1089
226	296
226	1003
226	846
226	188
226	392
226	908
226	105
226	729
227	169
227	375
227	381
228	1048
228	634
229	233
230	128
230	28
230	711
230	72
230	881
230	610
231	233
233	229
233	231
233	234
234	233
235	733
235	428
235	821
236	525
236	263
236	1037
237	44
240	269
241	245
242	269
242	271
242	583
242	188
242	517
242	693
242	834
242	685
243	244
244	243
245	241
246	1184
246	457
246	599
248	271
248	917
248	332
248	199
248	777
248	1114
248	1037
248	1054
248	853
248	392
248	726
248	1011
248	1182
252	464
254	273
256	335
256	46
256	1115
256	330
256	211
256	607
256	1140
256	488
256	419
256	1042
256	420
258	226
258	1102
258	330
258	4
258	693
258	1076
258	335
258	846
258	1115
258	188
258	419
258	1042
258	420
259	72
263	385
263	1112
263	777
263	1104
263	215
263	1037
263	1054
263	392
263	412
263	421
263	236
266	150
266	899
266	20
266	888
266	357
266	1155
267	1032
267	601
267	591
267	527
267	546
267	849
267	768
267	827
267	851
267	287
267	919
268	774
268	208
268	508
268	968
268	456
268	464
268	182
268	324
268	105
269	1124
269	603
269	733
269	642
269	768
269	968
269	40
269	378
269	693
269	332
269	1032
269	935
269	453
269	867
269	14
269	831
269	1011
269	421
269	836
269	1182
269	792
269	672
269	1141
269	917
269	918
269	315
269	881
269	882
269	1110
269	240
269	199
269	437
269	242
269	139
269	1054
269	598
270	650
270	72
271	242
271	1115
271	1037
271	1054
271	917
271	1066
271	392
271	248
271	58
271	1011
273	254
274	327
274	446
274	331
274	1078
274	1079
274	775
274	649
274	777
274	1095
274	651
274	64
274	1037
274	652
274	1151
274	1054
274	1039
274	653
274	654
274	1041
274	655
274	657
274	659
274	784
274	660
276	503
277	1011
280	600
280	601
280	72
287	267
288	142
288	917
288	476
288	65
288	730
290	220
291	1103
292	1103
292	350
292	754
292	589
292	610
292	532
292	150
292	650
292	870
292	116
292	596
292	369
292	682
294	599
296	525
296	600
296	601
296	36
296	1159
296	1127
296	606
296	211
296	4
296	608
296	693
296	643
296	150
296	775
296	777
296	582
296	744
296	1037
296	1096
296	119
296	1039
296	121
296	392
296	1041
296	908
296	460
296	1099
296	746
296	394
296	423
296	226
296	1102
296	20
296	309
296	91
296	626
296	314
296	357
296	1144
296	359
296	28
296	718
296	1054
296	1152
297	408
297	885
297	899
297	642
297	447
297	599
298	407
301	886
301	1185
301	388
302	392
303	1103
303	1011
303	107
304	606
305	335
305	414
305	846
305	330
305	4
305	392
305	1011
309	1135
309	50
309	1159
309	91
309	529
309	72
309	1144
309	357
309	296
309	359
309	718
309	474
309	457
309	519
309	460
311	993
311	650
311	610
311	881
312	424
312	777
312	317
312	320
312	818
312	1066
312	1170
313	424
313	818
314	211
314	1037
314	119
314	1039
314	1041
314	296
315	525
315	527
315	932
315	110
315	185
315	1031
315	1032
315	385
315	831
315	503
315	940
315	224
315	84
315	1181
315	87
315	269
315	424
315	791
315	1141
315	435
315	515
315	436
315	139
315	955
315	203
315	1054
315	634
315	762
317	320
317	312
317	1066
319	815
320	317
320	1066
320	312
324	208
324	1102
324	508
324	131
324	1161
324	968
324	970
324	1164
324	1168
324	464
324	182
324	697
324	774
324	981
324	456
324	982
324	268
324	105
327	446
327	331
327	775
327	649
327	777
327	1095
327	651
327	1037
327	652
327	1039
327	653
327	1041
327	654
327	655
327	657
327	784
327	659
327	660
327	274
327	1078
327	1079
327	1115
327	64
327	1151
327	1054
329	77
329	1122
329	1103
329	114
329	1065
330	360
330	256
330	572
330	624
330	852
330	464
330	587
330	917
330	258
330	305
330	1011
330	1182
331	274
331	327
331	446
331	1078
331	1079
331	775
331	649
331	777
331	1095
331	64
331	651
331	1037
331	1151
331	652
331	1054
331	1039
331	653
331	1041
331	654
331	655
331	657
331	784
331	659
331	660
332	1127
332	211
332	40
332	215
332	1169
332	1170
332	1091
332	7
332	392
332	1011
332	941
332	269
332	664
332	666
332	624
332	1076
332	917
332	919
332	28
332	846
332	1054
332	726
332	248
332	763
332	1121
334	842
334	80
334	1127
334	358
335	775
335	256
335	511
335	777
335	816
335	1006
335	1054
335	258
335	1042
335	305
335	1171
338	169
338	451
338	170
341	481
344	423
346	70
347	70
348	899
349	1184
350	292
350	596
350	369
351	392
352	457
355	571
355	990
355	723
355	724
355	392
355	725
357	899
357	1159
357	821
357	296
357	77
357	867
357	458
357	457
357	831
357	266
357	1040
357	460
357	154
357	126
357	395
357	1184
357	50
357	1103
357	309
357	91
357	510
357	1074
357	1075
357	1144
357	160
357	26
357	1108
357	28
357	718
357	1081
357	1054
358	842
358	899
358	50
358	80
358	720
358	1127
358	1081
358	457
358	1040
358	503
358	49
358	334
359	168
359	1159
359	528
359	529
359	608
359	821
359	296
359	457
359	460
359	1134
359	1135
359	126
359	1184
359	395
359	50
359	1103
359	309
359	91
359	134
359	879
359	23
359	712
359	1144
359	1107
359	28
359	474
359	1117
359	1054
359	805
359	1120
360	330
360	419
360	420
362	891
362	892
363	831
363	1054
363	853
367	29
367	1141
369	292
369	350
369	596
372	777
373	1066
373	836
373	838
375	46
375	227
375	1115
375	379
375	380
375	381
375	392
375	58
375	432
378	269
378	392
379	46
379	1115
379	375
379	380
379	381
379	392
379	726
379	58
379	432
380	46
380	1115
380	375
380	379
380	381
380	392
380	58
380	432
381	408
381	46
381	227
381	1112
381	1115
381	375
381	379
381	380
381	392
381	58
381	432
382	718
382	923
382	650
382	1016
383	608
385	87
385	525
385	424
385	791
385	315
385	515
385	263
385	955
385	203
385	762
385	84
385	224
385	394
385	1181
388	301
390	1057
390	1058
390	544
391	623
391	626
392	207
392	601
392	600
392	603
392	1129
392	375
392	4
392	378
392	379
392	380
392	381
392	73
392	296
392	7
392	302
392	777
392	305
392	1011
392	226
392	1071
392	1076
392	626
392	401
392	723
392	724
392	725
392	1153
392	248
392	571
392	487
392	488
392	332
392	43
392	46
392	414
392	263
392	744
392	1037
392	119
392	831
392	121
392	833
392	908
392	1099
392	421
392	836
392	1182
392	838
392	748
392	271
392	667
392	351
392	355
392	431
392	918
392	58
392	432
392	590
392	1110
392	591
392	1115
392	1114
392	1054
392	853
392	143
393	115
394	385
394	175
394	224
394	296
394	423
395	150
395	899
395	50
395	1081
395	721
395	134
395	854
395	1040
395	357
395	49
395	919
395	359
400	457
401	688
401	392
401	627
403	599
404	1032
407	298
408	525
408	1102
408	1112
408	89
408	464
408	381
408	297
409	726
409	763
411	932
411	831
412	481
412	263
412	1104
412	831
413	1184
413	899
413	867
414	1000
414	1103
414	603
414	1071
414	591
414	1114
414	1037
414	119
414	831
414	392
414	305
414	1099
414	421
414	1011
414	836
414	838
415	46
415	211
415	58
415	106
416	45
418	150
418	457
418	942
419	360
419	256
419	587
419	258
419	420
420	360
420	256
420	587
420	258
420	419
421	1000
421	269
421	481
421	672
421	591
421	414
421	263
421	1114
421	1037
421	457
421	121
421	392
421	940
421	1099
421	1011
421	836
421	1182
421	838
423	1003
423	428
423	344
423	394
423	296
423	461
423	599
424	525
424	1060
424	610
424	450
424	385
424	1003
424	650
424	84
424	224
424	1181
424	87
424	791
424	546
424	312
424	313
424	315
424	881
424	882
424	28
424	515
424	993
424	139
424	955
424	203
424	142
424	762
424	65
424	730
425	912
425	916
428	525
428	186
428	37
428	760
428	1055
428	673
428	940
428	158
428	235
428	423
428	837
431	392
432	1156
432	169
432	170
432	375
432	1163
432	379
432	380
432	489
432	490
432	381
432	494
432	495
432	496
432	935
432	537
432	46
432	9
432	392
432	1011
432	1182
432	623
432	917
432	626
432	58
432	843
432	1112
432	1113
432	1115
432	852
432	1054
432	563
432	565
432	567
433	1171
435	1108
435	436
435	899
435	811
435	1127
435	867
435	673
435	315
435	940
435	185
435	1031
436	435
436	1003
436	673
436	315
436	940
436	185
436	1031
437	269
437	672
440	131
441	1032
441	28
441	1141
445	1115
446	274
446	327
446	331
446	1078
446	1079
446	775
446	649
446	777
446	1095
446	64
446	651
446	1037
446	1151
446	652
446	1054
446	1039
446	653
446	1041
446	654
446	655
446	657
446	784
446	659
446	660
447	525
447	28
447	1112
447	1113
447	867
447	215
447	1074
447	1054
447	1075
447	297
447	1031
450	424
450	1169
450	1170
451	169
451	170
451	623
451	338
451	1054
451	634
451	626
453	269
453	169
453	170
456	774
456	208
456	508
456	968
456	464
456	1141
456	268
456	182
456	105
456	324
457	600
457	930
457	606
457	607
457	608
457	147
457	148
457	610
457	150
457	777
457	458
457	618
457	940
457	787
457	788
457	20
457	790
457	309
457	623
457	624
457	792
457	23
457	1074
457	464
457	945
457	797
457	160
457	628
457	28
457	1081
457	474
457	803
457	956
457	634
457	168
457	640
457	174
457	642
457	177
457	818
457	1089
457	1091
457	185
457	647
457	500
457	650
457	1096
457	503
457	49
457	504
457	1102
457	50
457	1103
457	663
457	509
457	1104
457	510
457	193
457	352
457	56
457	673
457	357
457	59
457	359
457	358
457	1108
457	842
457	993
457	199
457	1115
457	1114
457	1117
457	679
457	519
457	1121
457	525
457	1122
457	1127
457	72
457	77
457	702
457	80
457	867
457	870
457	1134
457	1015
457	712
457	549
457	881
457	1145
457	400
457	718
457	720
457	888
457	555
457	1147
457	721
457	722
457	246
457	1156
457	898
457	899
457	1163
457	735
457	111
457	1172
457	579
457	1031
457	1032
457	582
457	584
457	418
457	1037
457	1040
457	746
457	421
457	747
457	1183
457	1184
457	132
457	754
457	922
457	758
457	759
457	1053
457	1054
458	50
458	1103
458	457
458	357
460	309
460	91
460	529
460	357
460	296
460	359
461	423
464	896
464	408
464	209
464	208
464	900
464	902
464	968
464	1161
464	330
464	486
464	1164
464	1168
464	182
464	774
464	456
464	457
464	268
464	909
464	911
464	508
464	1048
464	157
464	1112
464	634
464	105
464	324
464	252
468	1054
468	805
468	1120
469	28
474	309
474	457
474	359
475	525
476	288
480	1093
480	623
480	624
481	815
481	816
481	852
481	215
481	831
481	1054
481	341
481	598
481	412
481	940
481	421
486	800
486	464
487	392
488	208
488	800
488	256
488	508
488	623
488	626
488	392
488	73
489	1156
489	930
489	21
489	1163
489	22
489	1141
489	490
489	492
489	58
489	432
489	1032
489	800
489	46
489	936
489	102
490	1156
490	930
490	21
490	1163
490	22
490	1141
490	489
490	492
490	58
490	432
490	1032
490	800
490	46
490	936
490	102
492	1032
492	1156
492	800
492	930
492	936
492	21
492	102
492	1163
492	22
492	1141
492	489
492	490
494	46
494	90
494	58
494	432
495	46
495	58
495	432
496	46
496	901
496	90
496	58
496	432
497	28
497	720
497	694
497	673
500	150
500	1184
500	20
500	985
500	555
500	650
500	457
500	714
500	532
503	842
503	50
503	80
503	276
503	457
503	831
503	1054
503	315
503	72
503	49
503	358
504	50
504	457
504	855
508	226
508	208
508	1102
508	968
508	4
508	693
508	488
508	464
508	1076
508	182
508	774
508	776
508	846
508	581
508	188
508	456
508	268
508	324
508	105
509	150
509	457
510	899
510	50
510	1103
510	80
510	193
510	457
510	357
510	1182
511	335
515	525
515	87
515	424
515	1184
515	385
515	791
515	955
515	762
515	315
515	84
515	224
515	1181
516	1
516	59
517	765
517	930
517	1014
517	623
517	738
517	626
517	1018
517	1089
517	1107
517	740
517	537
517	29
517	540
517	242
517	832
517	32
519	1184
519	28
519	309
519	1081
519	1117
519	457
519	1054
519	1040
521	211
521	607
521	1172
525	447
525	296
525	385
525	1003
525	457
525	84
525	224
525	1011
525	87
525	791
525	792
525	1074
525	1141
525	1075
525	626
525	315
525	797
525	236
525	1022
525	475
525	955
525	956
525	725
525	563
525	105
525	898
525	408
525	810
525	821
525	1032
525	977
525	188
525	1037
525	1039
525	1041
525	1099
525	1181
525	1101
525	747
525	1182
525	1102
525	424
525	428
525	588
525	672
525	919
525	515
525	203
525	852
525	1054
525	853
525	762
525	599
527	899
527	1003
527	315
527	267
528	28
528	529
528	711
528	1054
528	72
528	359
528	747
529	28
529	309
529	984
529	528
529	711
529	72
529	460
529	359
530	1
530	930
530	1107
531	126
531	582
532	292
532	640
532	500
532	1117
533	589
534	688
534	752
534	753
534	627
537	1156
537	896
537	900
537	902
537	1161
537	1163
537	818
537	1164
537	693
537	1168
537	46
537	9
537	540
537	188
537	81
537	82
537	83
537	909
537	911
537	666
537	194
537	58
537	432
537	1113
537	1115
537	517
537	726
537	563
537	565
537	567
539	837
540	537
540	666
540	188
540	517
540	194
540	693
540	726
540	58
544	390
544	1179
546	898
546	424
546	1060
546	671
546	881
546	610
546	882
546	993
546	1003
546	139
546	30
546	650
546	827
546	267
546	125
546	1181
548	1107
549	457
555	749
555	591
555	199
555	500
555	457
555	714
555	49
555	919
562	720
563	909
563	896
563	525
563	900
563	911
563	902
563	666
563	1161
563	1164
563	1168
563	58
563	432
563	537
563	46
563	1113
563	1115
563	81
563	82
563	83
563	565
563	567
565	909
565	896
565	169
565	900
565	911
565	902
565	666
565	1161
565	1164
565	1168
565	58
565	432
565	537
565	46
565	1113
565	1115
565	81
565	82
565	83
565	563
565	567
566	981
567	909
567	896
567	169
567	900
567	911
567	902
567	666
567	1161
567	1164
567	1168
567	58
567	432
567	537
567	46
567	1113
567	1115
567	937
567	81
567	82
567	908
567	83
567	563
567	565
571	591
571	801
571	355
571	723
571	119
571	724
571	725
571	392
571	1011
572	581
572	211
572	330
572	121
572	586
573	581
573	211
573	586
577	899
579	457
581	508
581	572
581	573
581	586
582	126
582	718
582	457
582	754
582	531
582	746
582	296
583	242
583	738
583	740
584	150
584	50
584	457
584	714
584	72
584	65
586	66
586	581
586	572
586	573
586	211
586	1048
586	121
587	330
587	419
587	420
588	525
589	292
589	116
589	891
589	754
589	892
589	533
590	1032
590	647
590	392
590	1182
591	899
591	571
591	1087
591	147
591	72
591	1032
591	414
591	936
591	1037
591	1041
591	392
591	267
591	1011
591	421
591	49
591	1182
591	20
591	1071
591	623
591	624
591	1074
591	626
591	672
591	1107
591	1112
591	555
591	1054
591	107
596	292
596	350
596	754
596	369
596	599
597	1065
598	269
598	481
599	525
599	910
599	52
599	215
599	294
599	608
599	1075
599	754
599	297
599	628
599	28
599	1003
599	403
599	803
599	1054
599	246
599	596
599	423
600	226
600	601
600	457
600	392
600	908
600	280
600	296
600	1182
601	226
601	600
601	14
601	768
601	392
601	908
601	267
601	280
601	296
601	1182
602	626
603	269
603	414
603	392
603	73
606	1184
606	50
606	114
606	888
606	1096
606	457
606	1054
606	304
606	940
606	296
607	1103
607	50
607	256
607	211
607	1140
607	457
607	521
608	1102
608	383
608	671
608	457
608	1025
608	746
608	124
608	1130
608	125
608	296
608	359
608	599
609	1021
610	128
610	424
610	661
610	292
610	546
610	1060
610	311
610	230
610	881
610	882
610	716
610	866
610	842
610	79
610	993
610	1003
610	139
610	650
610	457
610	104
610	1181
614	1102
614	1023
614	944
614	142
614	693
614	946
614	947
614	65
614	730
618	720
618	177
618	193
618	457
618	712
618	154
618	1134
623	169
623	765
623	170
623	211
623	818
623	738
623	488
623	1091
623	219
623	697
623	740
623	1032
623	451
623	46
623	936
623	650
623	391
623	457
623	1011
623	941
623	1182
623	1184
623	624
623	917
623	672
623	58
623	919
623	432
623	28
623	591
623	517
623	852
623	634
623	635
623	726
623	763
623	480
623	1121
624	765
624	623
624	330
624	738
624	332
624	672
624	919
624	740
624	1032
624	591
624	457
624	634
624	726
624	1011
624	480
624	1182
626	1000
626	525
626	169
626	765
626	170
626	602
626	211
626	818
626	738
626	488
626	219
626	697
626	296
626	740
626	1032
626	451
626	46
626	936
626	777
626	937
626	391
626	392
626	1011
626	941
626	1182
626	917
626	672
626	58
626	919
626	432
626	591
626	517
626	852
626	1054
626	634
626	635
626	726
626	763
626	1121
627	688
627	401
627	752
627	753
627	534
628	1184
628	1102
628	129
628	130
628	1059
628	711
628	674
628	700
628	150
628	1193
628	867
628	202
628	457
628	49
628	599
634	1
634	451
634	228
634	623
634	624
634	852
634	457
634	464
634	626
634	315
634	219
635	1
635	623
635	852
635	626
635	219
640	718
640	650
640	457
640	532
642	150
642	269
642	28
642	1127
642	650
642	457
642	297
643	150
643	754
643	296
647	1
647	1102
647	50
647	457
647	590
649	274
649	327
649	446
649	331
649	1078
649	1079
649	775
649	777
649	1095
649	651
649	64
649	1037
649	652
649	1151
649	1054
649	1039
649	653
649	654
649	1041
649	655
649	657
649	784
649	659
649	660
650	172
650	292
650	173
650	640
650	642
650	1060
650	72
650	382
650	610
650	866
650	79
650	1003
650	500
650	827
650	457
650	1181
650	270
650	424
650	661
650	546
650	623
650	132
650	311
650	882
650	881
650	716
650	993
650	139
650	722
650	142
650	104
650	1025
651	327
651	446
651	331
651	775
651	649
651	777
651	1095
651	1037
651	652
651	1039
651	653
651	654
651	1041
651	655
651	657
651	659
651	784
651	660
651	274
651	1078
651	1079
651	1080
651	64
651	1151
651	1054
652	327
652	446
652	331
652	775
652	649
652	777
652	1095
652	651
652	1037
652	1039
652	653
652	654
652	1041
652	655
652	657
652	784
652	659
652	660
652	274
652	1078
652	1079
652	1080
652	64
652	1151
652	1054
653	327
653	446
653	331
653	775
653	649
653	777
653	1095
653	651
653	1037
653	652
653	1039
653	654
653	1041
653	655
653	657
653	784
653	659
653	660
653	274
653	1078
653	1079
653	1080
653	64
653	1151
653	1054
654	327
654	446
654	331
654	775
654	649
654	777
654	1095
654	651
654	1037
654	652
654	1039
654	653
654	1041
654	655
654	657
654	659
654	784
654	660
654	274
654	1078
654	1079
654	1080
654	64
654	1151
654	1054
655	327
655	446
655	331
655	775
655	649
655	777
655	1095
655	651
655	1037
655	652
655	1039
655	653
655	654
655	1041
655	657
655	659
655	784
655	660
655	274
655	1078
655	1079
655	1080
655	64
655	1151
655	1054
657	327
657	446
657	331
657	775
657	649
657	777
657	1095
657	651
657	1037
657	652
657	1039
657	653
657	654
657	1041
657	655
657	659
657	784
657	660
657	274
657	1078
657	1079
657	1080
657	64
657	1151
657	1054
659	327
659	446
659	331
659	775
659	649
659	777
659	1095
659	651
659	1037
659	652
659	1039
659	653
659	654
659	1041
659	655
659	657
659	784
659	660
659	274
659	1078
659	1079
659	1080
659	64
659	1151
659	1054
660	327
660	446
660	331
660	775
660	649
660	777
660	1095
660	651
660	1037
660	652
660	1039
660	653
660	654
660	1041
660	655
660	657
660	659
660	784
660	274
660	1078
660	1079
660	1080
660	64
660	1151
660	1054
661	993
661	650
661	104
661	881
661	610
661	716
661	866
663	457
663	32
664	332
666	909
666	896
666	169
666	900
666	911
666	902
666	878
666	1161
666	818
666	1164
666	1168
666	332
666	537
666	1113
666	540
666	1115
666	81
666	82
666	83
666	563
666	565
666	567
667	906
667	392
669	984
671	88
671	1102
671	546
671	733
671	608
671	1130
671	699
671	1032
671	30
671	827
671	1025
671	746
671	125
672	525
672	269
672	623
672	624
672	626
672	821
672	26
672	1032
672	591
672	437
672	937
672	955
672	1011
672	421
672	1182
673	1184
673	50
673	20
673	428
673	147
673	185
673	1031
673	435
673	497
673	436
673	720
673	1081
673	457
673	1040
673	49
674	867
674	72
674	822
674	628
679	457
679	59
681	211
682	1183
682	292
683	1184
685	1093
685	242
688	401
688	752
688	753
688	627
688	534
690	711
693	765
693	4
693	1165
693	1089
693	258
693	73
693	296
693	935
693	537
693	540
693	937
693	744
693	188
693	614
693	832
693	834
693	835
693	269
693	226
693	1102
693	508
693	194
693	1076
693	242
693	846
693	142
693	65
693	105
693	730
693	729
694	497
694	28
694	867
697	1156
697	89
697	623
697	1163
697	626
697	834
697	835
697	324
699	1032
699	88
699	733
699	936
699	671
699	1141
700	628
702	803
702	457
702	892
706	6
708	1042
709	917
711	150
711	690
711	528
711	230
711	529
711	628
712	1184
712	50
712	177
712	986
712	1051
712	59
712	359
712	150
712	1112
712	720
712	457
712	618
712	1134
714	749
714	28
714	50
714	720
714	174
714	555
714	500
714	584
714	945
715	1003
715	733
716	150
716	661
716	993
716	650
716	104
716	610
716	881
716	787
716	866
718	168
718	174
718	640
718	1127
718	177
718	816
718	215
718	382
718	185
718	296
718	1031
718	150
718	867
718	582
718	457
718	746
718	1182
718	50
718	1103
718	20
718	309
718	1015
718	23
718	357
718	1108
718	842
718	28
718	847
718	888
718	1054
720	898
720	899
720	1125
720	1127
720	177
720	147
720	72
720	821
720	185
720	1031
720	77
720	150
720	497
720	80
720	867
720	457
720	618
720	1040
720	49
720	1134
720	1183
720	50
720	20
720	1103
720	193
720	712
720	673
720	714
720	1107
720	358
720	842
720	1081
720	1053
720	562
721	1108
721	395
721	50
721	1081
721	457
721	1040
722	650
722	457
723	571
723	777
723	968
723	55
723	1037
723	355
723	1054
723	724
723	725
723	392
724	571
724	968
724	55
724	723
724	355
724	725
724	392
725	525
725	571
725	55
725	723
725	355
725	724
725	392
726	1156
726	1014
726	409
726	623
726	211
726	1163
726	624
726	379
726	818
726	215
726	1076
726	626
726	332
726	1018
726	1091
726	537
726	540
726	846
726	248
726	1121
729	226
729	1102
729	846
729	4
729	188
729	1048
729	693
729	917
729	1076
729	991
729	1011
730	424
730	199
730	614
730	142
730	693
730	917
730	288
730	946
730	65
732	758
732	759
733	88
733	1032
733	269
733	671
733	805
733	715
733	235
733	699
735	457
738	1156
738	623
738	583
738	1053
738	624
738	1163
738	517
738	626
738	107
738	740
740	1156
740	623
740	583
740	1053
740	624
740	1163
740	517
740	738
740	626
740	111
740	107
744	693
744	392
744	1011
744	296
746	1102
746	718
746	1003
746	582
746	671
746	608
746	457
746	1025
746	1130
746	125
746	296
747	525
747	842
747	28
747	528
747	457
748	392
748	836
748	838
749	20
749	555
749	714
751	897
751	150
752	688
752	753
752	627
752	534
753	688
753	752
753	627
753	534
754	28
754	790
754	292
754	582
754	116
754	457
754	643
754	596
754	589
754	787
754	599
758	1103
758	50
758	1003
758	732
758	759
758	457
759	50
759	732
759	758
759	457
760	150
760	186
760	1112
760	867
760	428
760	1055
760	940
760	158
762	87
762	525
762	424
762	515
762	385
762	791
762	955
762	203
762	315
762	84
762	224
762	1181
763	846
763	623
763	409
763	211
763	215
763	818
763	1076
763	626
763	332
763	1091
765	623
765	624
765	188
765	517
765	693
765	626
768	269
768	601
768	1003
768	1116
768	1074
768	267
768	26
769	1112
769	777
769	1048
769	1054
770	1127
771	1148
771	1037
771	1054
771	1039
771	1041
772	1037
772	1054
772	1039
772	1041
774	208
774	1102
774	508
774	968
774	456
774	464
774	268
774	182
774	324
774	105
774	107
775	327
775	446
775	331
775	296
775	335
775	649
775	777
775	1095
775	1037
775	651
775	652
775	1039
775	653
775	1041
775	654
775	655
775	657
775	784
775	659
775	660
775	274
775	1078
775	1079
775	64
775	1151
775	1054
776	508
777	372
777	327
777	769
777	446
777	331
777	43
777	296
777	335
777	263
777	775
777	649
777	1095
777	651
777	1037
777	652
777	457
777	653
777	1039
777	654
777	392
777	1041
777	655
777	657
777	784
777	659
777	660
777	1103
777	274
777	626
777	312
777	1078
777	1079
777	1112
777	64
777	723
777	1151
777	1054
777	248
780	1054
784	274
784	327
784	446
784	331
784	1078
784	1079
784	775
784	649
784	777
784	1095
784	651
784	64
784	1037
784	652
784	1151
784	1054
784	1039
784	653
784	654
784	1041
784	655
784	657
784	659
784	660
786	1080
787	790
787	457
787	754
787	716
788	1108
788	457
790	215
790	457
790	754
790	787
791	525
791	87
791	424
791	515
791	385
791	955
791	203
791	762
791	315
791	84
791	224
791	1181
792	269
792	525
792	1003
792	457
794	944
794	946
794	947
797	525
797	457
797	892
798	126
798	898
798	1184
798	1054
798	72
800	1156
800	930
800	21
800	1163
800	486
800	22
800	488
800	489
800	1141
800	490
800	492
800	1032
800	936
801	571
803	702
803	174
803	457
803	599
805	733
805	468
805	359
807	28
807	984
808	72
810	525
811	435
811	1031
815	481
815	193
815	319
815	852
815	831
816	335
816	718
816	481
816	1103
816	50
816	1127
816	831
816	1171
818	1156
818	537
818	666
818	623
818	1163
818	457
818	312
818	626
818	313
818	726
818	763
820	935
820	1011
821	525
821	20
821	36
821	132
821	672
821	72
821	357
821	235
821	359
821	1003
821	720
821	867
821	1117
821	1011
822	674
825	1102
825	837
827	898
827	546
827	986
827	671
827	72
827	882
827	1003
827	30
827	650
827	267
827	1011
827	125
827	1182
828	898
828	1184
828	72
829	1054
831	269
831	1184
831	1103
831	481
831	815
831	816
831	932
831	411
831	110
831	315
831	412
831	357
831	414
831	80
831	1081
831	363
831	995
831	1054
831	1040
831	392
831	503
832	188
832	517
832	693
833	1000
833	9
833	392
834	1032
834	242
834	936
834	151
834	188
834	119
834	693
834	1141
834	697
835	188
835	693
835	119
835	697
836	748
836	269
836	373
836	414
836	1114
836	14
836	15
836	853
836	392
836	421
836	838
837	825
837	539
837	428
838	748
838	373
838	414
838	1114
838	14
838	15
838	853
838	392
838	421
838	836
839	49
841	169
841	1147
842	899
842	1103
842	50
842	610
842	334
842	358
842	718
842	720
842	80
842	1081
842	457
842	1040
842	503
842	49
842	747
843	46
843	1112
843	1115
843	58
843	432
846	226
846	1102
846	508
846	4
846	215
846	693
846	332
846	1089
846	258
846	188
846	305
846	726
846	763
846	105
846	729
847	718
849	1074
849	1075
849	267
849	919
851	50
851	267
851	928
852	898
852	525
852	481
852	623
852	815
852	330
852	41
852	626
852	58
852	219
852	432
852	634
852	635
852	1011
853	525
853	363
853	392
853	248
853	836
853	838
854	395
854	899
855	504
866	150
866	661
866	993
866	650
866	104
866	610
866	881
866	716
867	168
867	898
867	174
867	1127
867	177
867	447
867	694
867	821
867	77
867	413
867	457
867	1040
867	126
867	269
867	50
867	1103
867	1015
867	193
867	357
867	1145
867	628
867	674
867	435
867	1108
867	28
867	718
867	720
867	1081
867	760
870	292
870	923
870	457
876	1102
876	1037
878	666
879	984
879	72
879	359
881	269
881	128
881	424
881	661
881	546
881	1060
881	311
881	230
881	72
881	610
881	882
881	716
881	866
881	77
881	79
881	993
881	1003
881	139
881	650
881	891
881	457
881	104
881	892
881	1181
882	898
882	269
882	424
882	546
882	1060
882	1141
882	1075
882	610
882	881
882	993
882	1003
882	139
882	650
882	827
882	1181
884	1084
885	297
886	301
888	150
888	718
888	50
888	1103
888	606
888	457
888	266
891	362
891	589
891	892
891	881
892	702
892	362
892	891
892	589
892	881
892	797
896	666
896	1161
896	1164
896	1168
896	464
896	537
896	1113
896	1115
896	81
896	82
896	83
896	563
896	565
896	567
897	899
897	751
897	219
898	525
898	20
898	546
898	193
898	23
898	882
898	111
898	798
898	1032
898	150
898	28
898	720
898	1003
898	1081
898	867
898	1053
898	827
898	828
898	852
898	457
898	1054
898	1182
899	897
899	35
899	527
899	577
899	297
899	413
899	80
899	457
899	266
899	49
899	1182
899	395
899	348
899	1136
899	1103
899	50
899	510
899	945
899	357
899	26
899	358
899	435
899	842
899	591
899	28
899	993
899	720
899	994
899	925
899	854
900	666
900	1161
900	1164
900	1168
900	464
900	537
900	1113
900	1115
900	81
900	82
900	83
900	563
900	565
900	567
901	496
902	666
902	1161
902	1164
902	1168
902	464
902	537
902	1113
902	1115
902	81
902	82
902	83
902	563
902	565
902	567
904	1184
904	1103
904	1054
905	121
906	1156
906	667
906	1127
906	1163
908	226
908	601
908	600
908	392
908	296
908	567
909	666
909	1161
909	1164
909	1168
909	464
909	537
909	1113
909	1115
909	81
909	82
909	83
909	563
909	565
909	567
910	599
911	666
911	1161
911	1164
911	1168
911	464
911	537
911	1113
911	1115
911	81
911	82
911	83
911	563
911	565
911	567
912	425
912	9
912	916
916	425
916	912
917	211
917	330
917	332
917	219
917	1032
917	1037
917	1011
917	1182
917	269
917	271
917	709
917	623
917	626
917	1049
917	946
917	58
917	432
917	28
917	29
917	925
917	142
917	1054
917	288
917	248
917	65
917	730
917	729
917	1121
918	269
918	392
919	525
919	395
919	623
919	624
919	194
919	1074
919	332
919	147
919	1075
919	626
919	150
919	97
919	9
919	849
919	555
919	267
919	49
921	941
922	457
923	1016
923	870
923	382
925	899
925	917
928	60
928	62
928	63
928	851
930	800
930	21
930	517
930	22
930	457
930	489
930	530
930	490
930	492
932	411
932	831
932	315
932	1043
933	29
935	269
935	28
935	50
935	1074
935	693
935	820
935	1075
935	1011
935	432
935	1182
936	623
936	21
936	22
936	489
936	1141
936	626
936	490
936	492
936	699
936	1032
936	800
936	591
936	834
936	1182
937	693
937	1074
937	626
937	1075
937	672
937	1011
937	1182
937	567
938	1003
940	1184
940	481
940	1103
940	606
940	428
940	1141
940	315
940	158
940	435
940	1032
940	436
940	186
940	1112
940	760
940	457
940	1054
940	1055
940	421
941	921
941	623
941	626
941	332
941	1182
942	418
944	614
944	794
944	1049
944	946
944	947
945	899
945	457
945	714
945	72
946	1023
946	614
946	944
946	794
946	917
946	1049
946	947
946	730
947	1
947	614
947	944
947	794
947	1049
947	946
951	1114
951	1049
952	150
955	525
955	87
955	424
955	791
955	672
955	315
955	515
955	385
955	203
955	762
955	224
955	1011
955	84
955	1181
955	1182
956	525
956	50
956	457
956	185
956	1031
960	1107
963	966
964	1042
966	963
968	226
968	269
968	208
968	1102
968	508
968	1161
968	55
968	1164
968	1168
968	464
968	182
968	774
968	456
968	723
968	724
968	268
968	105
968	324
970	324
973	28
973	974
974	28
974	973
977	525
981	324
981	566
982	208
982	324
984	669
984	987
984	529
984	879
984	807
985	20
985	500
985	1015
985	115
985	1121
986	827
986	712
987	984
990	355
991	729
993	899
993	424
993	661
993	546
993	1060
993	311
993	72
993	610
993	881
993	882
993	716
993	866
993	79
993	1003
993	139
993	650
993	457
993	104
993	1181
994	1108
994	899
994	59
994	1182
995	831
998	1003
1000	414
1000	626
1000	833
1000	421
1003	898
1003	525
1003	36
1003	527
1003	1060
1003	768
1003	821
1003	610
1003	650
1003	827
1003	938
1003	1040
1003	746
1003	125
1003	1181
1003	423
1003	226
1003	424
1003	1103
1003	546
1003	1104
1003	792
1003	715
1003	881
1003	882
1003	436
1003	993
1003	758
1003	1081
1003	139
1003	1054
1003	998
1003	599
1004	1107
1006	335
1008	1112
1008	1115
1011	525
1011	211
1011	4
1011	73
1011	219
1011	935
1011	9
1011	937
1011	303
1011	392
1011	305
1011	623
1011	624
1011	626
1011	26
1011	28
1011	955
1011	248
1011	729
1011	1156
1011	571
1011	330
1011	1163
1011	820
1011	332
1011	821
1011	43
1011	1032
1011	414
1011	744
1011	827
1011	1037
1011	421
1011	1182
1011	269
1011	271
1011	1103
1011	277
1011	1048
1011	917
1011	672
1011	58
1011	432
1011	591
1011	1112
1011	1113
1011	1115
1011	852
1011	1121
1012	72
1014	517
1014	726
1015	168
1015	1184
1015	718
1015	50
1015	20
1015	174
1015	985
1015	867
1015	177
1015	457
1016	923
1016	382
1018	517
1018	726
1021	609
1022	525
1023	614
1023	946
1024	116
1025	1102
1025	650
1025	671
1025	608
1025	124
1025	746
1025	1130
1025	125
1029	1146
1030	1054
1031	811
1031	50
1031	174
1031	447
1031	147
1031	315
1031	673
1031	185
1031	435
1031	436
1031	718
1031	720
1031	1081
1031	457
1031	956
1031	1040
1031	49
1032	898
1032	525
1032	733
1032	489
1032	490
1032	492
1032	699
1032	936
1032	457
1032	1040
1032	834
1032	940
1032	267
1032	1011
1032	1182
1032	88
1032	269
1032	623
1032	21
1032	624
1032	22
1032	671
1032	1074
1032	1141
1032	917
1032	626
1032	672
1032	315
1032	590
1032	800
1032	591
1032	1081
1032	441
1032	404
1032	1054
1037	525
1037	170
1037	327
1037	446
1037	331
1037	771
1037	43
1037	772
1037	296
1037	414
1037	775
1037	263
1037	649
1037	777
1037	1095
1037	651
1037	652
1037	457
1037	653
1037	392
1037	654
1037	655
1037	1011
1037	657
1037	421
1037	659
1037	784
1037	660
1037	271
1037	876
1037	274
1037	917
1037	314
1037	1078
1037	1079
1037	236
1037	591
1037	1112
1037	1148
1037	1150
1037	64
1037	1151
1037	723
1037	1054
1037	248
1037	1121
1039	525
1039	327
1039	446
1039	331
1039	771
1039	772
1039	296
1039	775
1039	649
1039	777
1039	1095
1039	651
1039	652
1039	653
1039	654
1039	1041
1039	655
1039	657
1039	784
1039	659
1039	660
1039	274
1039	314
1039	1078
1039	1079
1039	1148
1039	1150
1039	64
1039	1054
1039	1151
1040	173
1040	1127
1040	147
1040	185
1040	1031
1040	1032
1040	77
1040	80
1040	1003
1040	867
1040	457
1040	831
1040	49
1040	1044
1040	1184
1040	395
1040	50
1040	1141
1040	673
1040	357
1040	358
1040	842
1040	720
1040	1081
1040	721
1040	1053
1040	1054
1040	519
1041	525
1041	327
1041	446
1041	331
1041	771
1041	772
1041	296
1041	775
1041	649
1041	777
1041	1095
1041	651
1041	652
1041	1039
1041	653
1041	654
1041	655
1041	657
1041	659
1041	784
1041	660
1041	274
1041	314
1041	1078
1041	1079
1041	591
1041	1148
1041	1150
1041	64
1041	1151
1041	1054
1042	335
1042	708
1042	256
1042	964
1042	258
1042	1056
1043	932
1044	1
1044	50
1044	1081
1044	1040
1044	185
1048	1068
1048	228
1048	769
1048	1054
1048	464
1048	586
1048	1011
1048	729
1049	951
1049	944
1049	917
1049	946
1049	947
1050	182
1051	712
1053	1
1053	77
1053	898
1053	50
1053	720
1053	1081
1053	738
1053	457
1053	1040
1053	49
1053	1182
1053	740
1054	525
1054	1127
1054	606
1054	528
1054	769
1054	446
1054	215
1054	147
1054	447
1054	771
1054	772
1054	296
1054	451
1054	775
1054	1003
1054	777
1054	457
1054	392
1054	780
1054	940
1054	784
1054	1135
1054	1141
1054	626
1054	315
1054	1078
1054	1079
1054	468
1054	798
1054	28
1054	718
1054	1081
1054	1148
1054	1150
1054	1151
1054	723
1054	248
1054	898
1054	170
1054	481
1054	327
1054	331
1054	110
1054	332
1054	1030
1054	904
1054	43
1054	335
1054	1032
1054	263
1054	649
1054	1095
1054	829
1054	1096
1054	651
1054	116
1054	1037
1054	652
1054	831
1054	1039
1054	653
1054	1041
1054	1040
1054	654
1054	503
1054	655
1054	657
1054	659
1054	1182
1054	660
1054	269
1054	1102
1054	1184
1054	271
1054	50
1054	1103
1054	274
1054	1048
1054	917
1054	357
1054	58
1054	359
1054	432
1054	591
1054	1112
1054	197
1054	199
1054	363
1054	64
1054	519
1054	599
1054	1121
1055	186
1055	428
1055	760
1055	940
1055	158
1056	1042
1057	390
1057	1179
1058	390
1058	1179
1059	129
1059	130
1059	628
1060	424
1060	993
1060	1003
1060	546
1060	139
1060	650
1060	610
1060	881
1060	882
1060	1181
1065	329
1065	597
1066	271
1066	373
1066	1112
1066	1115
1066	317
1066	320
1066	312
1068	1048
1069	1070
1069	1087
1070	1069
1070	1087
1071	591
1071	414
1071	392
1074	525
1074	1102
1074	768
1074	447
1074	1075
1074	357
1074	919
1074	1032
1074	935
1074	591
1074	849
1074	937
1074	457
1074	1182
1075	525
1075	935
1075	849
1075	1116
1075	937
1075	1074
1075	447
1075	882
1075	357
1075	919
1075	599
1075	1182
1076	226
1076	1102
1076	508
1076	4
1076	215
1076	693
1076	332
1076	1089
1076	258
1076	188
1076	392
1076	726
1076	763
1076	105
1076	729
1077	1080
1078	327
1078	446
1078	331
1078	775
1078	649
1078	777
1078	1095
1078	651
1078	1037
1078	652
1078	1039
1078	653
1078	1041
1078	654
1078	655
1078	657
1078	784
1078	659
1078	660
1078	274
1078	1079
1078	1080
1078	64
1078	1151
1078	1054
1079	327
1079	446
1079	331
1079	775
1079	649
1079	777
1079	1095
1079	651
1079	1037
1079	652
1079	1039
1079	653
1079	1041
1079	654
1079	655
1079	657
1079	659
1079	784
1079	660
1079	274
1079	1078
1079	1080
1079	64
1079	1151
1079	1054
1080	651
1080	652
1080	653
1080	654
1080	1077
1080	655
1080	1078
1080	657
1080	1079
1080	659
1080	660
1080	786
1081	898
1081	1127
1081	147
1081	185
1081	1031
1081	1032
1081	77
1081	80
1081	1003
1081	867
1081	457
1081	831
1081	1040
1081	49
1081	1044
1081	395
1081	1184
1081	50
1081	1141
1081	673
1081	357
1081	358
1081	842
1081	28
1081	720
1081	721
1081	1053
1081	1054
1081	519
1084	884
1087	591
1087	1069
1087	1070
1087	1182
1089	226
1089	1102
1089	29
1089	846
1089	188
1089	4
1089	517
1089	457
1089	693
1089	1076
1091	623
1091	457
1091	332
1091	726
1091	763
1091	1182
1093	199
1093	685
1093	480
1095	274
1095	327
1095	446
1095	331
1095	1078
1095	1079
1095	775
1095	649
1095	777
1095	651
1095	64
1095	1037
1095	652
1095	1054
1095	1151
1095	653
1095	1039
1095	654
1095	1041
1095	655
1095	657
1095	659
1095	784
1095	660
1096	1184
1096	50
1096	1103
1096	606
1096	457
1096	1054
1096	296
1099	525
1099	1
1099	414
1099	392
1099	421
1099	296
1101	525
1101	139
1102	408
1102	525
1102	208
1102	968
1102	4
1102	215
1102	608
1102	693
1102	1089
1102	258
1102	72
1102	1130
1102	296
1102	774
1102	825
1102	647
1102	188
1102	614
1102	116
1102	457
1102	746
1102	125
1102	226
1102	1103
1102	50
1102	876
1102	89
1102	508
1102	1074
1102	671
1102	1076
1102	628
1102	846
1102	1054
1102	1025
1102	324
1102	105
1102	729
1103	66
1103	899
1103	292
1103	816
1103	329
1103	607
1103	147
1103	72
1103	904
1103	150
1103	414
1103	1003
1103	777
1103	867
1103	303
1103	1096
1103	457
1103	458
1103	831
1103	940
1103	1011
1103	1102
1103	1184
1103	50
1103	20
1103	1104
1103	510
1103	132
1103	357
1103	59
1103	161
1103	359
1103	842
1103	28
1103	718
1103	720
1103	758
1103	888
1103	1054
1103	291
1104	1103
1104	1003
1104	263
1104	457
1104	412
1107	960
1107	548
1107	530
1107	72
1107	359
1107	591
1107	28
1107	720
1107	199
1107	1004
1107	517
1107	49
1107	1182
1108	435
1108	718
1108	1184
1108	50
1108	994
1108	867
1108	721
1108	457
1108	148
1108	357
1108	49
1108	788
1110	269
1110	392
1112	1156
1112	408
1112	169
1112	170
1112	769
1112	1163
1112	215
1112	447
1112	381
1112	46
1112	263
1112	777
1112	1008
1112	1037
1112	1066
1112	940
1112	1011
1112	464
1112	712
1112	58
1112	432
1112	591
1112	843
1112	1115
1112	760
1112	1054
1113	896
1113	169
1113	1156
1113	170
1113	900
1113	902
1113	1161
1113	1163
1113	1164
1113	1168
1113	447
1113	46
1113	537
1113	81
1113	82
1113	1011
1113	83
1113	909
1113	911
1113	666
1113	58
1113	432
1113	1115
1113	563
1113	565
1113	567
1114	28
1114	951
1114	414
1114	14
1114	15
1114	457
1114	392
1114	248
1114	421
1114	836
1114	838
1115	896
1115	169
1115	1156
1115	170
1115	900
1115	902
1115	256
1115	445
1115	327
1115	375
1115	1161
1115	1163
1115	180
1115	379
1115	1164
1115	380
1115	1168
1115	381
1115	258
1115	537
1115	46
1115	1008
1115	457
1115	81
1115	1066
1115	392
1115	82
1115	83
1115	1011
1115	909
1115	271
1115	911
1115	666
1115	194
1115	58
1115	432
1115	843
1115	1112
1115	1113
1115	563
1115	565
1115	567
1116	768
1116	1075
1116	44
1117	20
1117	23
1117	457
1117	519
1117	821
1117	532
1117	359
1120	468
1120	359
1121	50
1121	985
1121	623
1121	917
1121	626
1121	332
1121	219
1121	1037
1121	457
1121	1054
1121	726
1121	1011
1121	1182
1122	1184
1122	329
1122	457
1122	72
1124	269
1125	720
1127	50
1127	642
1127	816
1127	770
1127	332
1127	334
1127	296
1127	358
1127	435
1127	718
1127	906
1127	80
1127	720
1127	29
1127	1081
1127	867
1127	457
1127	1054
1127	1040
1129	392
1130	1102
1130	608
1130	671
1130	1025
1130	746
1130	125
1134	150
1134	28
1134	50
1134	720
1134	177
1134	457
1134	712
1134	618
1134	72
1134	59
1134	359
1135	309
1135	1054
1135	359
1136	899
1136	211
1136	1140
1136	1172
1140	1136
1140	256
1140	211
1140	607
1140	1182
1141	525
1141	269
1141	21
1141	22
1141	489
1141	490
1141	315
1141	492
1141	882
1141	699
1141	1032
1141	800
1141	936
1141	1081
1141	367
1141	441
1141	456
1141	1054
1141	1040
1141	834
1141	940
1141	1182
1144	1185
1144	309
1144	1159
1144	91
1144	357
1144	296
1144	359
1145	867
1145	457
1146	1029
1147	169
1147	457
1147	841
1148	1037
1148	1054
1148	1039
1148	1041
1148	771
1150	1037
1150	1054
1150	1039
1150	1041
1151	274
1151	327
1151	446
1151	331
1151	1078
1151	1079
1151	775
1151	649
1151	777
1151	1095
1151	1037
1151	64
1151	651
1151	1054
1151	652
1151	1039
1151	653
1151	1041
1151	654
1151	655
1151	657
1151	784
1151	659
1151	660
1152	296
1153	392
1155	36
1155	266
1156	1
1156	169
1156	170
1156	1163
1156	818
1156	738
1156	489
1156	490
1156	492
1156	697
1156	740
1156	537
1156	906
1156	119
1156	457
1156	1011
1156	1182
1156	50
1156	21
1156	22
1156	58
1156	432
1156	800
1156	1112
1156	1113
1156	1115
1156	726
1159	309
1159	91
1159	357
1159	1144
1159	296
1159	359
1161	909
1161	896
1161	900
1161	911
1161	902
1161	666
1161	968
1161	464
1161	182
1161	537
1161	1113
1161	1115
1161	81
1161	82
1161	83
1161	563
1161	565
1161	324
1161	567
1163	1
1163	169
1163	1156
1163	170
1163	818
1163	738
1163	489
1163	490
1163	492
1163	697
1163	740
1163	537
1163	9
1163	906
1163	457
1163	119
1163	1011
1163	1182
1163	20
1163	50
1163	21
1163	22
1163	58
1163	432
1163	800
1163	1112
1163	1113
1163	1115
1163	726
1164	909
1164	896
1164	900
1164	911
1164	902
1164	666
1164	968
1164	464
1164	182
1164	537
1164	1113
1164	1115
1164	81
1164	82
1164	83
1164	563
1164	565
1164	324
1164	567
1165	188
1165	693
1168	909
1168	896
1168	900
1168	911
1168	902
1168	666
1168	968
1168	464
1168	182
1168	537
1168	1113
1168	1115
1168	81
1168	82
1168	83
1168	563
1168	565
1168	324
1168	567
1169	332
1169	1182
1169	450
1170	312
1170	332
1170	450
1170	1182
1171	335
1171	816
1171	433
1172	1136
1172	20
1172	211
1172	457
1172	521
1179	1057
1179	1058
1179	544
1181	87
1181	525
1181	424
1181	791
1181	546
1181	1060
1181	315
1181	610
1181	881
1181	882
1181	515
1181	993
1181	385
1181	1003
1181	650
1181	139
1181	955
1181	203
1181	762
1181	224
1181	84
1182	1
1182	525
1182	601
1182	600
1182	211
1182	935
1182	936
1182	937
1182	392
1182	1011
1182	941
1182	20
1182	623
1182	624
1182	1140
1182	1074
1182	626
1182	1075
1182	1141
1182	26
1182	28
1182	718
1182	29
1182	955
1182	248
1182	898
1182	1156
1182	899
1182	1087
1182	330
1182	1163
1182	1169
1182	1170
1182	111
1182	1091
1182	1032
1182	827
1182	421
1182	269
1182	510
1182	917
1182	672
1182	1107
1182	432
1182	590
1182	591
1182	199
1182	994
1182	1053
1182	1054
1182	1121
1183	126
1183	720
1183	457
1183	682
1184	1122
1184	606
1184	3
1184	904
1184	413
1184	500
1184	828
1184	1096
1184	116
1184	457
1184	831
1184	1040
1184	940
1184	50
1184	1103
1184	349
1184	1015
1184	623
1184	134
1184	712
1184	673
1184	357
1184	798
1184	359
1184	628
1184	1108
1184	28
1184	515
1184	1081
1184	1054
1184	246
1184	519
1184	683
1185	301
1185	1144
1186	28
1193	628
